id;numero_documento;primer_nombre;primer_apellido;segundo_nombre;segundo_apellido;img_url;img_url_content_type;typo_documento_id
1;Credit Card Account;Tools Handmade;generating Maine input;compress Kuwait artificial intelligence;world-class card;../fake-data/blob/hipster.png;image/png;1
2;Chips;AGP Investor Advanced;Wisconsin;incubate;Keys Usability transmit;../fake-data/blob/hipster.png;image/png;2
3;Gloves transmitter;synthesize Specialist;azure bottom-line override;driver;feed;../fake-data/blob/hipster.png;image/png;3
4;payment Auto Loan Account;Practical;tan transitional Flat;Avon Shoal dynamic;Product;../fake-data/blob/hipster.png;image/png;4
5;Intelligent Granite Solutions;Frozen;invoice;deposit instruction set;Dynamic pixel New Mexico;../fake-data/blob/hipster.png;image/png;5
6;seamless Ball;revolutionize panel;Ports alliance auxiliary;Assurance Cambridgeshire multi-state;calculate;../fake-data/blob/hipster.png;image/png;6
7;haptic Car Investor;protocol bandwidth;24/365;National sticky;Investment Account client-driven Investment Accoun;../fake-data/blob/hipster.png;image/png;7
8;Auto Loan Account Chips synergy;Jewelery Liberian Dollar multi-state;Oregon microchip;microchip Legacy;Customer mobile;../fake-data/blob/hipster.png;image/png;8
9;Platinum;Program;Tuna Credit Card Account;Extensions vertical withdrawal;implement;../fake-data/blob/hipster.png;image/png;9
10;Configuration;Alabama;Sleek Trail;Cambridgeshire;Mozambique parallelism;../fake-data/blob/hipster.png;image/png;10
